Workbook

Sheet Formulas
A1: Excel Basics - Formulas, Definitions and Live Examples
A2: Each 'Live Result' is a real formula working on the Sales_Data and Student_Marks sheets. Edit the blue data there and watch the results change.
A4: # | B4: Function | C4: Syntax | D4: Definition | E4: Example Formula | F4: Live Result
A5: 1 | B5: SUM | C5: SUM(range) | D5: Adds all numbers in a range. | E5: =SUM(Sales_Data!D2:D16) | F5: =SUM(Sales_Data!D2:D16) -> 12175
A6: 2 | B6: AVERAGE | C6: AVERAGE(range) | D6: Arithmetic mean (total / count). Ignores text and blank cells. | E6: =AVERAGE(Sales_Data!D2:D16) | F6: =AVERAGE(Sales_Data!D2:D16) -> 936.53846
A7: 3 | B7: COUNT | C7: COUNT(range) | D7: Counts cells that contain numbers (and dates) only. | E7: =COUNT(Sales_Data!D2:D16) | F7: =COUNT(Sales_Data!D2:D16) -> 13
A8: 4 | B8: MAX | C8: MAX(range) | D8: Returns the largest value in a range. | E8: =MAX(Sales_Data!D2:D16) | F8: =MAX(Sales_Data!D2:D16) -> 2200
A9: 5 | B9: MIN | C9: MIN(range) | D9: Returns the smallest value in a range. | E9: =MIN(Sales_Data!D2:D16) | F9: =MIN(Sales_Data!D2:D16) -> 275
A10: 6 | B10: IF | C10: IF(logical_test, value_if_true, value_if_false) | D10: Tests a condition. Returns the first value if TRUE, the second if FALSE. | E10: =IF(Sales_Data!D2>1000,"Yes","No") | F10: =IF(Sales_Data!D2>1000,"Yes","No") -> Yes
A11: 7 | B11: Nested IF | C11: IF(test1, v1, IF(test2, v2, v3)) | D11: An IF inside an IF to test several conditions in order. | E11: =IF(Student_Marks!B2>=80,"A",IF(Student_Marks!B2>=60,"B","C")) | F11: =IF(Student_Marks!B2>=80,"A",IF(Student_Marks!B2>=60,"B","C")) -> B
A12: 8 | B12: COUNTIF | C12: COUNTIF(range, criteria) | D12: Counts cells that meet ONE condition. | E12: =COUNTIF(Sales_Data!D2:D16,">500") | F12: =COUNTIF(Sales_Data!D2:D16,">500") -> 9
A13: 9 | B13: SUMIF | C13: SUMIF(range, criteria, [sum_range]) | D13: Adds cells that meet a condition. If sum_range is omitted, the tested range is summed. | E13: =SUMIF(Sales_Data!D2:D16,"<1000") | F13: =SUMIF(Sales_Data!D2:D16,"<1000") -> 4425
A14: 10 | B14: SUMIF (with sum_range) | C14: SUMIF(range, criteria, sum_range) | D14: Tests one column and sums another. | E14: =SUMIF(Sales_Data!B2:B16,"Amazon",Sales_Data!D2:D16) | F14: =SUMIF(Sales_Data!B2:B16,"Amazon",Sales_Data!D2:D16) -> 6855
A15: 11 | B15: COUNTA | C15: COUNTA(range) | D15: Counts all NON-empty cells (numbers, text, errors). | E15: =COUNTA(Sales_Data!F2:F16) | F15: =COUNTA(Sales_Data!F2:F16) -> 13
A16: 12 | B16: COUNTBLANK | C16: COUNTBLANK(range) | D16: Counts EMPTY cells in a range. | E16: =COUNTBLANK(Sales_Data!D2:D16) | F16: =COUNTBLANK(Sales_Data!D2:D16) -> 2
A17: 13 | B17: Percentage | C17: (part / whole) * 100 | D17: Part divided by whole, times 100. Or use part/whole and apply the % number format. | E17: =(COUNTIF(Student_Marks!B2:B13,">=40")/COUNT(Student_Marks!B2:B13))*100 | F17: =(COUNTIF(Student_Marks!B2:B13,">=40")/COUNT(Student_Marks!B2:B13))*100 -> 75
A18: 14 | B18: COUNTIFS | C18: COUNTIFS(range1, crit1, range2, crit2, ...) | D18: Counts cells that meet MANY conditions at once. | E18: =COUNTIFS(Sales_Data!B2:B16,"Amazon",Sales_Data!C2:C16,"Delhi") | F18: =COUNTIFS(Sales_Data!B2:B16,"Amazon",Sales_Data!C2:C16,"Delhi") -> 3
A19: 15 | B19: SUMIFS | C19: SUMIFS(sum_range, range1, crit1, ...) | D19: Adds cells meeting many conditions. Note: sum_range comes FIRST. | E19: =SUMIFS(Sales_Data!D2:D16,Sales_Data!B2:B16,"Amazon",Sales_Data!C2:C16,"Delhi") | F19: =SUMIFS(Sales_Data!D2:D16,Sales_Data!B2:B16,"Amazon",Sales_Data!C2:C16,"Delhi") -> 2630
A20: 16 | B20: MAXIFS | C20: MAXIFS(max_range, criteria_range, criteria) | D20: Largest value where the criteria matches. Excel 2019 / Microsoft 365 only. | E20: =MAXIFS(Sales_Data!D2:D16,Sales_Data!B2:B16,"Amazon") | F20: =_xlfn.MAXIFS(Sales_Data!D2:D16,Sales_Data!B2:B16,"Amazon") -> 2200
A21: 17 | B21: MINIFS | C21: MINIFS(min_range, criteria_range, criteria) | D21: Smallest value where the criteria matches. Excel 2019 / Microsoft 365 only. | E21: =MINIFS(Sales_Data!D2:D16,Sales_Data!B2:B16,"Amazon") | F21: =_xlfn.MINIFS(Sales_Data!D2:D16,Sales_Data!B2:B16,"Amazon") -> 275
A22: 18 | B22: COUNTIF wildcard | C22: COUNTIF(range, "A*") | D22: * matches any characters, ? matches one character. Here: brands starting with A. | E22: =COUNTIF(Sales_Data!B2:B16,"A*") | F22: =COUNTIF(Sales_Data!B2:B16,"A*") -> 7
A24: Tip: SUMIF and COUNTIF take ONE condition; SUMIFS and COUNTIFS take many. In SUMIF the sum_range is last, in SUMIFS it is first.

Sheet Sales_Data
A1: Order ID | B1: Brand | C1: City | D1: Price | E1: Qty | F1: Status | H1: Blue = sample data you can edit. Two Price cells and two Status cells are deliberately blank, to demonstrate COUNT, COUNTA and COUNTBLANK.
A2: ORD-101 | B2: Amazon | C2: Delhi | D2: 1200 | E2: 2 | F2: Delivered
A3: ORD-102 | B3: Flipkart | C3: Mumbai | D3: 850 | E3: 1 | F3: Delivered
A4: ORD-103 | B4: Amazon | C4: Delhi | D4: 450 | E4: 3 | F4: Returned
A5: ORD-104 | B5: Myntra | C5: Jaipur | D5: 1500 | E5: 1 | F5: Delivered
A6: ORD-105 | B6: Amazon | C6: Mumbai | E6: 2 | F6: Delivered
A7: ORD-106 | B7: Flipkart | C7: Delhi | D7: 300 | E7: 4
A8: ORD-107 | B8: Amazon | C8: Jaipur | D8: 2200 | E8: 1 | F8: Delivered
A9: ORD-108 | B9: Myntra | C9: Delhi | D9: 650 | E9: 2 | F9: Delivered
A10: ORD-109 | B10: Flipkart | C10: Mumbai | E10: 1 | F10: Returned
A11: ORD-110 | B11: Amazon | C11: Delhi | D11: 980 | E11: 5 | F11: Delivered
A12: ORD-111 | B12: Myntra | C12: Mumbai | D12: 400 | E12: 2
A13: ORD-112 | B13: Amazon | C13: Mumbai | D13: 1750 | E13: 1 | F13: Delivered
A14: ORD-113 | B14: Flipkart | C14: Jaipur | D14: 520 | E14: 3 | F14: Delivered
A15: ORD-114 | B15: Amazon | C15: Jaipur | D15: 275 | E15: 2 | F15: Returned
A16: ORD-115 | B16: Myntra | C16: Delhi | D16: 1100 | E16: 1 | F16: Delivered

Sheet Student_Marks
A1: Student | B1: Marks | C1: Result (IF) | D1: Grade (Nested IF) | F1: Blue = marks you can edit. Columns C and D are formulas and update automatically. Pass mark = 40; Grade A >= 80, B >= 60, else C.
A2: Aarav | B2: 78 | C2: =IF(B2>=40,"Pass","Fail") -> Pass | D2: =IF(B2>=80,"A",IF(B2>=60,"B","C")) -> B
A3: Diya | B3: 35 | C3: =IF(B3>=40,"Pass","Fail") -> Fail | D3: =IF(B3>=80,"A",IF(B3>=60,"B","C")) -> C
A4: Kabir | B4: 62 | C4: =IF(B4>=40,"Pass","Fail") -> Pass | D4: =IF(B4>=80,"A",IF(B4>=60,"B","C")) -> B
A5: Meera | B5: 91 | C5: =IF(B5>=40,"Pass","Fail") -> Pass | D5: =IF(B5>=80,"A",IF(B5>=60,"B","C")) -> A
A6: Rohan | B6: 40 | C6: =IF(B6>=40,"Pass","Fail") -> Pass | D6: =IF(B6>=80,"A",IF(B6>=60,"B","C")) -> C
A7: Sana | B7: 28 | C7: =IF(B7>=40,"Pass","Fail") -> Fail | D7: =IF(B7>=80,"A",IF(B7>=60,"B","C")) -> C
A8: Vivaan | B8: 55 | C8: =IF(B8>=40,"Pass","Fail") -> Pass | D8: =IF(B8>=80,"A",IF(B8>=60,"B","C")) -> C
A9: Ishita | B9: 83 | C9: =IF(B9>=40,"Pass","Fail") -> Pass | D9: =IF(B9>=80,"A",IF(B9>=60,"B","C")) -> A
A10: Neha | B10: 47 | C10: =IF(B10>=40,"Pass","Fail") -> Pass | D10: =IF(B10>=80,"A",IF(B10>=60,"B","C")) -> C
A11: Tara | B11: 66 | C11: =IF(B11>=40,"Pass","Fail") -> Pass | D11: =IF(B11>=80,"A",IF(B11>=60,"B","C")) -> B
A12: Yash | B12: 39 | C12: =IF(B12>=40,"Pass","Fail") -> Fail | D12: =IF(B12>=80,"A",IF(B12>=60,"B","C")) -> C
A13: Arjun | B13: 72 | C13: =IF(B13>=40,"Pass","Fail") -> Pass | D13: =IF(B13>=80,"A",IF(B13>=60,"B","C")) -> B

Sheet Try_It
A1: Try It Yourself
A2: Change the yellow cells. Brand can be Amazon, Flipkart or Myntra. City can be Delhi, Mumbai or Jaipur.
A4: Brand | B4: Amazon
A5: City | B5: Delhi
A6: Minimum price | B6: 500
A8: What it calculates | B8: Result
A9: Orders for this brand (COUNTIF) | B9: =COUNTIF(Sales_Data!B2:B16,B4) -> 7
A10: Total price for this brand (SUMIF) | B10: =SUMIF(Sales_Data!B2:B16,B4,Sales_Data!D2:D16) -> 6855
A11: Highest price for this brand (MAXIFS) | B11: =_xlfn.MAXIFS(Sales_Data!D2:D16,Sales_Data!B2:B16,B4) -> 2200
A12: Lowest price for this brand (MINIFS) | B12: =_xlfn.MINIFS(Sales_Data!D2:D16,Sales_Data!B2:B16,B4) -> 275
A13: Orders for this brand in this city (COUNTIFS) | B13: =COUNTIFS(Sales_Data!B2:B16,B4,Sales_Data!C2:C16,B5) -> 3
A14: Orders for this brand in this city above minimum price | B14: =COUNTIFS(Sales_Data!B2:B16,B4,Sales_Data!C2:C16,B5,Sales_Data!D2:D16,">"&B6) -> 2
A15: Total price for this brand in this city (SUMIFS) | B15: =SUMIFS(Sales_Data!D2:D16,Sales_Data!B2:B16,B4,Sales_Data!C2:C16,B5) -> 2630
A16: Share of all orders from this brand (%) | B16: =COUNTIF(Sales_Data!B2:B16,B4)/COUNTA(Sales_Data!A2:A16) -> 0.46666667

Sheet MAXIFS_Demo
A1: MAX + MAXIFS (from your notes)
A2: Three Price/Brand column pairs. The goal: find the highest Amazon price across all three pairs.
C4: Price | D4: Brand | G4: Price | H4: Brand | K4: Price | L4: Brand
C5: 120 | D5: Amazon | G5: 300 | H5: Flipkart | K5: 450 | L5: Amazon
C6: 340 | D6: Flipkart | G6: 720 | H6: Amazon | K6: 190 | L6: Myntra
C7: 560 | D7: Amazon | G7: 410 | H7: Myntra | K7: 840 | L7: Amazon
C8: 210 | D8: Myntra | G8: 980 | H8: Flipkart | K8: 370 | L8: Flipkart
C9: 890 | D9: Flipkart | G9: 150 | H9: Amazon | K9: 1020 | L9: Myntra
C10: 430 | D10: Amazon | G10: 530 | H10: Amazon | K10: 260 | L10: Amazon
C11: 150 | D11: Myntra | G11: 610 | H11: Myntra | K11: 730 | L11: Flipkart
C12: 670 | D12: Flipkart | G12: 260 | H12: Amazon | K12: 480 | L12: Amazon
B14: Amazon max in pair 1 (C, D) | C14: =_xlfn.MAXIFS(C5:C12,D5:D12,"Amazon") -> 560
B15: Amazon max in pair 2 (G, H) | C15: =_xlfn.MAXIFS(G5:G12,H5:H12,"Amazon") -> 720
B16: Amazon max in pair 3 (K, L) | C16: =_xlfn.MAXIFS(K5:K12,L5:L12,"Amazon") -> 840
B17: Final: MAX of the three | C17: =MAX(_xlfn.MAXIFS(C5:C12,D5:D12,"Amazon"),_xlfn.MAXIFS(G5:G12,H5:H12,"Amazon"),_xlfn.MAXIFS(K5:K12,L5:L12,"Amazon")) -> 840
B19: Change the brand here: | C19: Amazon
B20: Same formula using the brand cell | C20: =MAX(_xlfn.MAXIFS(C5:C12,D5:D12,C19),_xlfn.MAXIFS(G5:G12,H5:H12,C19),_xlfn.MAXIFS(K5:K12,L5:L12,C19)) -> 840
B22: Formula shown as text:
B23: =MAX(MAXIFS(C5:C12,D5:D12,"Amazon"), MAXIFS(G5:G12,H5:H12,"Amazon"), MAXIFS(K5:K12,L5:L12,"Amazon"))
B24: Older Excel (no MAXIFS): =MAX(IF(D5:D12="Amazon",C5:C12)) entered with Ctrl+Shift+Enter.

Sheet Practice
A1: Practice Questions
A2: Type your formula in the yellow cell (start with =). The Check column tells you if it matches the answer key. Data is on Sales_Data and Student_Marks.
A4: # | B4: Question | C4: Your Answer (yellow) | D4: Check
A5: 1 | B5: Total price of all orders (Sales_Data column D). | D5: =IF(C5="","",IFERROR(IF(ISNUMBER(Answer_Key!D4),IF(ROUND(C5,2)=ROUND(Answer_Key!D4,2),"Correct","Try again"),IF(C5=Answer_Key!D4,"Correct","Try again")),"Try again"))
A6: 2 | B6: Average price of the orders that have a price. | D6: =IF(C6="","",IFERROR(IF(ISNUMBER(Answer_Key!D5),IF(ROUND(C6,2)=ROUND(Answer_Key!D5,2),"Correct","Try again"),IF(C6=Answer_Key!D5,"Correct","Try again")),"Try again"))
A7: 3 | B7: How many orders have a price entered? | D7: =IF(C7="","",IFERROR(IF(ISNUMBER(Answer_Key!D6),IF(ROUND(C7,2)=ROUND(Answer_Key!D6,2),"Correct","Try again"),IF(C7=Answer_Key!D6,"Correct","Try again")),"Try again"))
A8: 4 | B8: Highest price. | D8: =IF(C8="","",IFERROR(IF(ISNUMBER(Answer_Key!D7),IF(ROUND(C8,2)=ROUND(Answer_Key!D7,2),"Correct","Try again"),IF(C8=Answer_Key!D7,"Correct","Try again")),"Try again"))
A9: 5 | B9: Lowest price. | D9: =IF(C9="","",IFERROR(IF(ISNUMBER(Answer_Key!D8),IF(ROUND(C9,2)=ROUND(Answer_Key!D8,2),"Correct","Try again"),IF(C9=Answer_Key!D8,"Correct","Try again")),"Try again"))
A10: 6 | B10: How many orders are missing a price? | D10: =IF(C10="","",IFERROR(IF(ISNUMBER(Answer_Key!D9),IF(ROUND(C10,2)=ROUND(Answer_Key!D9,2),"Correct","Try again"),IF(C10=Answer_Key!D9,"Correct","Try again")),"Try again"))
A11: 7 | B11: How many orders have a Status entered? | D11: =IF(C11="","",IFERROR(IF(ISNUMBER(Answer_Key!D10),IF(ROUND(C11,2)=ROUND(Answer_Key!D10,2),"Correct","Try again"),IF(C11=Answer_Key!D10,"Correct","Try again")),"Try again"))
A12: 8 | B12: How many orders are from Amazon? | D12: =IF(C12="","",IFERROR(IF(ISNUMBER(Answer_Key!D11),IF(ROUND(C12,2)=ROUND(Answer_Key!D11,2),"Correct","Try again"),IF(C12=Answer_Key!D11,"Correct","Try again")),"Try again"))
A13: 9 | B13: Total price of Amazon orders. | D13: =IF(C13="","",IFERROR(IF(ISNUMBER(Answer_Key!D12),IF(ROUND(C13,2)=ROUND(Answer_Key!D12,2),"Correct","Try again"),IF(C13=Answer_Key!D12,"Correct","Try again")),"Try again"))
A14: 10 | B14: Highest Amazon price. | D14: =IF(C14="","",IFERROR(IF(ISNUMBER(Answer_Key!D13),IF(ROUND(C14,2)=ROUND(Answer_Key!D13,2),"Correct","Try again"),IF(C14=Answer_Key!D13,"Correct","Try again")),"Try again"))
A15: 11 | B15: Amazon orders from Delhi with price above 500. | D15: =IF(C15="","",IFERROR(IF(ISNUMBER(Answer_Key!D14),IF(ROUND(C15,2)=ROUND(Answer_Key!D14,2),"Correct","Try again"),IF(C15=Answer_Key!D14,"Correct","Try again")),"Try again"))
A16: 12 | B16: Percentage of students who passed (marks >= 40), as a number like 75. | D16: =IF(C16="","",IFERROR(IF(ISNUMBER(Answer_Key!D15),IF(ROUND(C16,2)=ROUND(Answer_Key!D15,2),"Correct","Try again"),IF(C16=Answer_Key!D15,"Correct","Try again")),"Try again"))
... A18: 14 | B18: How many brands start with the letter F? | D18: =IF(C18="","",IFERROR(IF(ISNUMBER(Answer_Key!D17),IF(ROUND(C18,2)=ROUND(Answer_Key!D17,2),"Correct","Try again"),IF(C18=Answer_Key!D17,"Correct","Try again")),"Try again"))

Sheet Answer_Key
A1: Answer Key
A3: # | B3: Function | C3: Formula | D3: Result
A4: 1 | B4: SUM | C4: =SUM(Sales_Data!D2:D16) | D4: =SUM(Sales_Data!D2:D16) -> 12175
A5: 2 | B5: AVERAGE | C5: =AVERAGE(Sales_Data!D2:D16) | D5: =AVERAGE(Sales_Data!D2:D16) -> 936.53846
A6: 3 | B6: COUNT | C6: =COUNT(Sales_Data!D2:D16) | D6: =COUNT(Sales_Data!D2:D16) -> 13
A7: 4 | B7: MAX | C7: =MAX(Sales_Data!D2:D16) | D7: =MAX(Sales_Data!D2:D16) -> 2200
A8: 5 | B8: MIN | C8: =MIN(Sales_Data!D2:D16) | D8: =MIN(Sales_Data!D2:D16) -> 275
A9: 6 | B9: COUNTBLANK | C9: =COUNTBLANK(Sales_Data!D2:D16) | D9: =COUNTBLANK(Sales_Data!D2:D16) -> 2
A10: 7 | B10: COUNTA | C10: =COUNTA(Sales_Data!F2:F16) | D10: =COUNTA(Sales_Data!F2:F16) -> 13
A11: 8 | B11: COUNTIF | C11: =COUNTIF(Sales_Data!B2:B16,"Amazon") | D11: =COUNTIF(Sales_Data!B2:B16,"Amazon") -> 7
A12: 9 | B12: SUMIF with sum_range | C12: =SUMIF(Sales_Data!B2:B16,"Amazon",Sales_Data!D2:D16) | D12: =SUMIF(Sales_Data!B2:B16,"Amazon",Sales_Data!D2:D16) -> 6855
A13: 10 | B13: MAXIFS | C13: =MAXIFS(Sales_Data!D2:D16,Sales_Data!B2:B16,"Amazon") | D13: =_xlfn.MAXIFS(Sales_Data!D2:D16,Sales_Data!B2:B16,"Amazon") -> 2200
A14: 11 | B14: COUNTIFS | C14: =COUNTIFS(Sales_Data!B2:B16,"Amazon",Sales_Data!C2:C16,"Delhi",Sales_Data!D2:D16,">500") | D14: =COUNTIFS(Sales_Data!B2:B16,"Amazon",Sales_Data!C2:C16,"Delhi",Sales_Data!D2:D16,">500") -> 2
A15: 12 | B15: Percentage | C15: =(COUNTIF(Student_Marks!B2:B13,">=40")/COUNT(Student_Marks!B2:B13))*100 | D15: =(COUNTIF(Student_Marks!B2:B13,">=40")/COUNT(Student_Marks!B2:B13))*100 -> 75
A16: 13 | B16: IF | C16: =IF(Student_Marks!B2>=40,"Pass","Fail") | D16: =IF(Student_Marks!B2>=40,"Pass","Fail") -> Pass
A17: 14 | B17: COUNTIF wildcard | C17: =COUNTIF(Sales_Data!B2:B16,"F*") | D17: =COUNTIF(Sales_Data!B2:B16,"F*") -> 4

Sheet Interview_QA
A1: Interview Questions and Answers
A3: # | B3: Level | C3: Question | D3: Answer
A4: 1 | B4: Basic | C4: Difference between COUNT, COUNTA and COUNTBLANK? | D4: COUNT counts numbers only, COUNTA counts every non-empty cell, COUNTBLANK counts empty cells.
A5: 2 | B5: Basic | C5: Difference between SUM and SUMIF? | D5: SUM adds every number in the range; SUMIF adds only cells that meet a condition.
A6: 3 | B6: Basic | C6: How do you calculate a percentage? | D6: =(part/whole)*100, or =part/whole and apply the % number format.
A7: 4 | B7: Basic | C7: What does AVERAGE do with text or blank cells? | D7: It ignores them; only numeric cells are used.
A8: 5 | B8: Basic | C8: Return Pass if marks >= 40, else Fail. | D8: =IF(A1>=40,"Pass","Fail")
A9: 6 | B9: Intermediate | C9: COUNTIF vs COUNTIFS? | D9: COUNTIF has one condition; COUNTIFS has several, e.g. =COUNTIFS(A:A,"Delhi",B:B,">50").
A10: 7 | B10: Intermediate | C10: SUMIF vs SUMIFS: where is sum_range? | D10: Last in SUMIF, first in SUMIFS.
A11: 8 | B11: Intermediate | C11: Count cells containing 'Delhi'. | D11: =COUNTIF(A1:A10,"Delhi")
A12: 9 | B12: Intermediate | C12: Write a nested IF for grades A (80+), B (60+), C. | D12: =IF(A1>=80,"A",IF(A1>=60,"B","C"))
A13: 10 | B13: Intermediate | C13: What are wildcards in COUNTIF? | D13: * matches any number of characters, ? matches one. =COUNTIF(A1:A10,"A*") counts cells starting with A.
A14: 11 | B14: Intermediate | C14: Why can COUNT be smaller than COUNTA? | D14: COUNT skips text; COUNTA counts text as well.
A15: 12 | B15: Scenario | C15: Find how many entries are blank in a Price column. | D15: =COUNTBLANK(B2:B501)
... A19: 16 | B19: Scenario | C19: MAXIFS alternative in older Excel? | D19: Array formula =MAX(IF(D5:D12="Amazon",C5:C12)) with Ctrl+Shift+Enter, or AGGREGATE.
